{"cameraMode":{"drawMode":0,"name":"Shaded","section":"Shading Mode"},"sceneLighting":true,"audioPlay":false,"sceneViewState":{"m_AlwaysRefresh":false,"showFog":true,"showSkybox":true,"showFlares":true,"showImageEffects":true,"showParticleSystems":true,"showVisualEffectGraphs":true,"m_FxEnabled":true},"in2DMode":false,"pivot":{"x":-189.3135986328125,"y":17.620777130126954,"z":4.802847385406494},"rotation":{"x":0.060520730912685397,"y":0.742792010307312,"z":-0.056162282824516299,"w":0.6663743257522583},"size":19.495258331298829,"orthographic":false}